file,area_ratio
20000101001605152_00-00012.jpg,0.0025826193390452875
20000101005804544_00-00126.jpg,0.003324153406772746
20000101023612341_00-00155.jpg,0.007686658506731946
20000101023000345_00-00116.jpg,0.012557119543043655
20000101043919320_05-00075.jpg,0.024523663810689513
20000101002802168_00-00051.jpg,0.001040391676866585
20000101044511933_05-00098.jpg,0.01863933088535292
19700101005715858_00-00133.jpg,0.0037168502651978783
20000101021630121_00-00208.jpg,0.006267849857201142
20000101012336076_00-00075.jpg,0.0008129334965320278
19700101004305945_00-00102.jpg,0.002342921256629947
19700101000928635_00-00015.jpg,0.008682170542635658
20000101005430521_00-00133.jpg,0.0027947776417788658
20000101012755491_00-00048.jpg,0.008229294165646675
20000101013234725_00-00087.jpg,0.00361281109751122
20000101003747703_00-00060.jpg,0.007721338229294166
20000101003623242_00-00140.jpg,0.0017615259077927376
20000101012709101_00-00080.jpg,0.003057935536515708
20000101042217534_03-00086.jpg,0.023769889840881273
20000101005346507_00-00009.jpg,0.0027917176662586697
20000101020253088_00-00115.jpg,0.0035322317421460627
20000101003658562_00-00114.jpg,0.009091187270501837
20000101001745060_00-00053.jpg,0.006809465524275806
20000101015739425_00-00187.jpg,0.0018421052631578947
20000101000349995_00-00003.jpg,0.008014075887392901
20000101003634347_00-00095.jpg,0.007325581395348837
19700101005443727_00-00124.jpg,0.0029253365973072216
20000101010945790_00-00003.jpg,0.004040187678498572
20000101003734861_00-00001.jpg,0.004075887392900857
20000101012116812_00-00011.jpg,0.02197062423500612
20000101002009750_00-00056.jpg,0.0013596491228070175
20000101013246881_00-00036.jpg,0.005431456548347613
20000101015256994_00-00080.jpg,0.00988780089759282
20000101004701047_00-00118.jpg,0.00065687474500204
20000101003242237_00-00103.jpg,0.006265809873521012
20000101020517908_00-00118.jpg,0.00791513667890657
20000101015428633_00-00132.jpg,0.006163810689514484
20000101003004075_00-00077.jpg,0.005281517747858017
20000101012627171_00-00090.jpg,0.004766421868625051
20000101001838832_00-00046.jpg,0.003741330069359445
20000101004712921_00-00066.jpg,0.006077111383108935
20000101003912441_00-00003.jpg,0.004923500611995104
20000101042013458_00-00085.jpg,0.0027458180334557322
20000101000236309_00-00001.jpg,0.003126274989800082
20000101004815833_00-00122.jpg,0.0011046511627906977
20000101002026750_00-00075.jpg,0.0019543043655650756
20000101010035824_00-00014.jpg,0.004901060791513668
20000101012315145_00-00079.jpg,0.003204814361485108
20000101015129184_00-00005.jpg,0.0018166054671562627
20000101011330150_00-00039.jpg,0.00273765809873521
20000101023529522_00-00152.jpg,0.006487148102815177
20000101011128558_00-00031.jpg,0.0031436148510811915
20000101010216894_00-00029.jpg,0.0012800897592819258
19700101003253233_00-00074.jpg,0.005070379436964504
20000101041513972_00-00071.jpg,0.0034720522235822115
20000101001430407_00-00033.jpg,0.007709098327213382
19700101013943854_00-00244.jpg,0.006960424316605467
20000101020543387_00-00119.jpg,0.0025815993472052224
20000101005805863_00-00177.jpg,0.001755405956752346
20000101021513946_00-00203.jpg,0.002474500203998368
20000101010715190_00-00160.jpg,0.008946348429212566
20000101000327210_00-00007.jpg,0.002734598123215014
20000101021609764_00-00085.jpg,0.004146266829865361
20000101002419191_00-00009.jpg,0.0012596899224806201
20000101002320749_00-00040.jpg,0.002143002855977152
20000101010920069_00-00067.jpg,0.004242146062831497
20000101013316485_00-00038.jpg,0.007088943288453693
19700101003947276_00-00091.jpg,0.0020828233374133006
20000101004610512_00-00176.jpg,0.0014177886576907386
19700101003711935_00-00083.jpg,0.0020542635658914728
20000101015539392_00-00137.jpg,0.006480008159934721
20000101010719183_00-00056.jpg,0.0013729090167278661
20000101005131321_00-00200.jpg,0.004386984904120767
20000101020048618_00-00153.jpg,0.009957160342717259
20000101015706022_00-00040.jpg,0.0012107303141574868
20000101023810037_00-00166.jpg,0.002663198694410445
20000101004031941_00-00050.jpg,0.002707058343533252
20000101012146312_00-00013.jpg,0.010886372909016728
20000101010915057_00-00172.jpg,0.003261933904528764
20000101015305262_00-00011.jpg,0.0010067319461444309
20000101002448945_00-00067.jpg,0.002616279069767442
19700101003642188_00-00081.jpg,0.003956548347613219
20000101021331448_00-00075.jpg,0.013895348837209302
20000101011719339_00-00083.jpg,0.0028406772745818033
20000101004812275_00-00007.jpg,0.009141166870665034
20000101005342254_00-00132.jpg,0.0014473684210526317
20000101005907694_00-00018.jpg,0.0027213382292941655
20000101003910385_00-00066.jpg,0.0055875152998776005
20000101011522343_00-00074.jpg,0.0032323541411668705
19700101001656001_00-00036.jpg,0.00865565075479396
20000101002110421_00-00052.jpg,0.014166666666666666
20000101045905097_06-00061.jpg,0.006174010607915136
20000101021341178_00-00087.jpg,0.0016105671154630762
19700101015536135_00-00296.jpg,0.0044298245614035085
20000101000817615_00-00026.jpg,0.0016360669114647082
20000101001433563_00-00019.jpg,0.0047572419420644635
20000101020734655_00-00178.jpg,0.008812729498164015
20000101004031189_00-00139.jpg,0.011079151366789065
20000101010942305_00-00024.jpg,0.0030385556915544674
20000101010946954_00-00174.jpg,0.0022164422684618525
20000101011839998_00-00001.jpg,0.007745818033455733
20000101001143484_00-00006.jpg,0.0027284781721746225
19700101015612647_00-00298.jpg,0.004783761729906161
20000101022802099_00-00127.jpg,0.003871889024887801
20000101000619211_00-00010.jpg,0.009553243574051408
20000101001712611_00-00032.jpg,0.0019043247654018769
20000101014751280_00-00162.jpg,0.01109751121991024
19700101014102177_00-00249.jpg,0.0034322725418196656
20000101022817202_00-00138.jpg,0.0020777233782129745
20000101002826903_00-00023.jpg,0.00937984496124031
20000101002933196_00-00019.jpg,0.0014830681354549163
20000101024105502_00-00177.jpg,0.001576907384740922
20000101005521380_00-00119.jpg,0.00396062831497348
20000101010748185_00-00162.jpg,0.004662382700938393
20000101011204518_00-00064.jpg,0.006352509179926561
20000101013559378_00-00072.jpg,0.006099551203590371
20000101000944194_00-00016.jpg,0.0027172582619339044
19700101003657360_00-00082.jpg,0.004705222358221134
20000101000112242_00-00000.jpg,0.0012454100367197062
20000101013606613_00-00121.jpg,0.005146878824969401
20000101000604057_00-00003.jpg,0.005478376172990616
20000101023856645_00-00170.jpg,0.0016115871073031417
20000101005111907_00-00158.jpg,0.00310281517747858
19700101004007845_00-00092.jpg,0.005717054263565891
20000101002243137_00-00007.jpg,0.0063800489596083235
19700101015142646_00-00281.jpg,0.003138514891880865
20000101002714053_00-00072.jpg,0.007311301509587923
20000101002009883_00-00049.jpg,0.004111587107303142
20000101021309531_00-00076.jpg,0.0024908200734394125
20000101000828985_00-00018.jpg,0.005155038759689923
20000101010225963_00-00050.jpg,0.0021807425540595676
20000101000713785_00-00021.jpg,0.0013341493268053855
19700101014428718_00-00261.jpg,0.004255405956752346
19700101004155826_00-00098.jpg,0.004562423500611995
20000101023220843_00-00141.jpg,0.006078131374949
20000101010401591_00-00147.jpg,0.010114239086087311
20000101001613157_00-00039.jpg,0.005790493676050591
20000101035311130_00-00015.jpg,0.004083027335781314
20000101003155870_00-00064.jpg,0.002204202366381069
20000101020108119_00-00042.jpg,0.000992452060383517
20000101015656455_00-00109.jpg,0.005066299469604243
20000101010019334_00-00013.jpg,0.009809261525907793
20000101010431157_00-00149.jpg,0.002229702162382701
20000101011259900_00-00181.jpg,0.004349245206038352
19700101004341412_00-00104.jpg,0.002940636474908201
20000101004258725_00-00131.jpg,0.004096287229702162
19700101003933123_00-00090.jpg,0.0047592819257445945
20000101000604853_00-00012.jpg,0.0026295389636882905
20000101021458657_00-00081.jpg,0.011726846185230518
20000101014643338_00-00108.jpg,0.0049847001223990205
20000101012146334_00-00074.jpg,0.007984496124031008
20000101011034433_00-00072.jpg,0.007195022439820482
20000101003311043_00-00068.jpg,0.002444920440636475
20000101010849091_00-00053.jpg,0.002762137902896777
20000101043140568_04-00020.jpg,0.010640554875560995
20000101012121120_00-00250.jpg,0.005107099143206855
20000101003926152_00-00103.jpg,0.0053998368013055895
20000101045309622_05-00113.jpg,0.014771521827825377
20000101014823904_00-00014.jpg,0.004741942064463484
20000101002159885_00-00038.jpg,0.009291105671154631
19700101013500763_00-00229.jpg,0.005037739698082415
20000101012506599_00-00084.jpg,0.004734802121583027
20000101001525869_00-00036.jpg,0.011633006935944512
20000101015107796_00-00074.jpg,0.009330885352917177
20000101005803166_00-00100.jpg,0.003062015503875969
20000101001046496_00-00032.jpg,0.0017788657690738475
19700101005832097_00-00136.jpg,0.0062382700938392495
20000101003154401_00-00100.jpg,0.004426764585883313
20000101014436373_00-00101.jpg,0.0040126478988168094
19700101000540162_00-00003.jpg,0.008760709914320685
20000101000856194_00-00018.jpg,0.007969196246430029
20000101003724728_00-00146.jpg,0.003846389228886169
20000101005712116_00-00033.jpg,0.002733578131374949
20000101004656031_00-00065.jpg,0.0040187678498572015
20000101021646953_00-00087.jpg,0.0032027743778049777
20000101050533234_06-00081.jpg,0.046780905752753975
20000101012613478_00-00042.jpg,0.0030242758057935537
20000101012734352_00-00081.jpg,0.0020746634026927785
19700101014012894_00-00246.jpg,0.006105671154630763
20000101005557714_00-00001.jpg,0.00613219094247246
20000101000837361_00-00026.jpg,0.002619339045287638
20000101001439603_00-00049.jpg,0.0034465524275805793
20000101002216164_00-00084.jpg,0.005846593227254182
20000101004525562_00-00172.jpg,0.0026570787433700532
19700101005327901_00-00119.jpg,0.003447572419420645
20000101013030840_00-00100.jpg,0.007110363117095063
20000101012230015_00-00076.jpg,0.0060587515299877605
20000101040447509_00-00047.jpg,0.004570583435332517
20000101012403214_00-00033.jpg,0.002778457772337821
19700101002227101_00-00051.jpg,0.0035597715218278255
20000101012821836_00-00050.jpg,0.0026438188494492046
20000101004237185_00-00146.jpg,0.0035414116687066503
20000101002126074_00-00066.jpg,0.0025152998776009792
20000101002206610_00-00069.jpg,0.0029498164014687884
20000101015303017_00-00025.jpg,0.00886984904120767
20000101004939112_00-00193.jpg,0.005404936760505916
19700101000818632_00-00012.jpg,0.013466952264381885
20000101021421895_00-00079.jpg,0.004363525091799265
19700101001913407_00-00042.jpg,0.0065136678906568745
20000101002423571_00-00093.jpg,0.005649734802121583
20000101000513884_00-00006.jpg,0.0013015095879232966
20000101021712674_00-00088.jpg,0.01896062831497348
19700101010430082_00-00154.jpg,0.007312321501427989
20000101015839420_00-00032.jpg,0.0016391268869849042
20000101000755174_00-00004.jpg,0.005280497756017952
20000101010342139_00-00194.jpg,0.010466136270909832
20000101023319072_00-00151.jpg,0.002960016319869441
20000101002825688_00-00076.jpg,0.006905344757241942
20000101010927800_00-00042.jpg,0.002219502243982048
20000101021340487_00-00076.jpg,0.014424724602203183
19700101000639854_00-00006.jpg,0.016821705426356588
20000101000056532_00-00000.jpg,0.0021960424316605468
20000101014635063_00-00010.jpg,0.0029110567115463075
20000101011924685_00-00005.jpg,0.015466136270909833
20000101014558558_00-00066.jpg,0.003114035087719298
20000101004418809_00-00111.jpg,0.0022409220726234192
20000101005835003_00-00146.jpg,0.0024143206854345166
20000101003200404_00-00034.jpg,0.0034373725010199917
19700101013324815_00-00223.jpg,0.01060077519379845
20000101013846348_00-00082.jpg,0.008783149734802122
20000101013309396_00-00110.jpg,0.004190126478988168
20000101004825391_00-00069.jpg,0.0031487148102815176
20000101005111284_00-00015.jpg,0.005197878416972664
20000101025943789_00-00232.jpg,0.005187678498572011
20000101003846836_00-00046.jpg,0.004310485516115871
20000101000813457_00-00000.jpg,0.0014932680538555692
20000101012022368_00-00247.jpg,0.0032088943288453692
20000101002153604_00-00082.jpg,0.002528559771521828
20000101011923666_00-00070.jpg,0.00332109343125255
20000101004050862_00-00157.jpg,0.005148918808649531
20000101023541077_00-00153.jpg,0.003998368013055895
19700101015312973_00-00287.jpg,0.009957160342717259
20000101034850414_00-00001.jpg,0.004276825785393717
20000101042108894_03-00082.jpg,0.014879640962872297
20000101010609786_00-00032.jpg,0.0009383924928600572
20000101001917747_00-00070.jpg,0.0039769481844145246
20000101021541660_00-00083.jpg,0.007941656466748267
20000101004916134_00-00003.jpg,0.004061607507139943
20000101012103750_00-00070.jpg,0.004735822113423093
19700101003904957_00-00089.jpg,0.0029977560179518564
19700101004224866_00-00100.jpg,0.004101387188902489
20000101002858442_00-00092.jpg,0.0020869033047735616
20000101011035213_00-00215.jpg,0.0057313341493268055
20000101015103925_00-00023.jpg,0.0020420236638106896
20000101014551806_00-00105.jpg,0.0037749898000815994
20000101010154442_00-00152.jpg,0.0028008975928192573
20000101012308327_00-00106.jpg,0.004836801305589555
20000101010938273_00-00212.jpg,0.006827825377396981
20000101020224387_00-00051.jpg,0.003455732354141167
20000101045740543_06-00057.jpg,0.020097919216646266
20000101000215379_00-00002.jpg,0.0005824153406772746
20000101010532173_00-00054.jpg,0.002313341493268054
20000101003203614_00-00120.jpg,0.0010740514075887394
20000101002143173_00-00037.jpg,0.012721338229294166
20000101003200688_00-00040.jpg,0.012268461852305181
20000101003805395_00-00117.jpg,0.005834353325173398
20000101002958043_00-00014.jpg,0.007018563851489188
20000101012017407_00-00007.jpg,0.011875764993880048
20000101023624632_00-00161.jpg,0.0037311301509587924
19700101012204172_00-00190.jpg,0.018067115463076294
20000101011627937_00-00078.jpg,0.002682578539371685
19700101012904792_00-00212.jpg,0.008188494492044065
20000101002130359_00-00080.jpg,0.0036954304365565075
20000101032109890_00-00295.jpg,0.00315687474500204
20000101031425678_00-00273.jpg,0.0026560587515299878
20000101012916261_00-00053.jpg,0.008497552019583843
20000101014606835_00-00106.jpg,0.004210526315789474
20000101011110403_00-00178.jpg,0.0032843737250102
20000101010631851_00-00155.jpg,0.004661362709098327
20000101020637140_00-00060.jpg,0.0018931048551611587
20000101020152627_00-00155.jpg,0.009352305181558548
20000101003438227_00-00132.jpg,0.0035964912280701754
20000101015632961_00-00038.jpg,0.0042023663810689515
20000101001054096_00-00034.jpg,0.0035332517339861282
20000101010906556_00-00021.jpg,0.004307425540595675
19700101014025892_00-00247.jpg,0.0031364749082007344
20000101040034192_01-00320.jpg,0.030168298653610773
20000101005819571_00-00178.jpg,0.004780701754385965
19700101004135139_00-00097.jpg,0.0019135046919624642
19700101001856353_00-00041.jpg,0.006478988168094655
20000101003018566_00-00078.jpg,0.0024979600163198695
20000101005719151_00-00124.jpg,0.007130762953896369
20000101000408693_00-00008.jpg,0.006345369237046103
20000101012431486_00-00035.jpg,0.004150346797225622
19700101002605567_00-00059.jpg,0.008205834353325173
20000101003312819_00-00125.jpg,0.000908812729498164
20000101002238573_00-00007.jpg,0.003320073439412485
20000101014815637_00-00102.jpg,0.005804773561811505
19700101012802195_00-00208.jpg,0.008108935128518973
20000101003905932_00-00047.jpg,0.007083843329253366
20000101045822129_06-00059.jpg,0.009246226030191759
20000101000645982_00-00011.jpg,0.008546511627906976
20000101050246015_06-00074.jpg,0.019804161566707466
20000101002455630_00-00044.jpg,0.0023204814361485106
20000101005702435_00-00010.jpg,0.002408200734394125
20000101004233093_00-00046.jpg,0.005182578539371685
19700101005312473_00-00118.jpg,0.011859445124439004
20000101012144867_00-00112.jpg,0.0038096695226438188
20000101011508363_00-00047.jpg,0.0029651162790697676
20000101035017620_00-00005.jpg,0.0055395756833945325
20000101014838709_00-00015.jpg,0.002623419012647899
20000101001715924_00-00051.jpg,0.0045338637290901675
20000101003736418_00-00080.jpg,0.001799265605875153
20000101020222669_00-00048.jpg,0.0027876376988984087
20000101003854413_00-00119.jpg,0.010783353733170135
20000101002843950_00-00024.jpg,0.0019175846593227255
20000101011219402_00-00077.jpg,0.007398000815993472
20000101005948434_00-00021.jpg,0.0024714402284781722
20000101011316693_00-00068.jpg,0.002759077927376581
20000101021354251_00-00077.jpg,0.0054100367197062425
20000101000825189_00-00025.jpg,0.0019522643818849449
20000101011032814_00-00046.jpg,0.002945736434108527
20000101015028718_00-00022.jpg,0.002971236230110159
20000101005540873_00-00004.jpg,0.0025163198694410443
20000101003703123_00-00040.jpg,0.0118390452876377
20000101000344845_00-00005.jpg,0.005026519787841697
20000101021908337_00-00093.jpg,0.00713484292125663
20000101005010496_00-00154.jpg,0.006354549163606691
20000101041326151_00-00065.jpg,0.004345165238678091
20000101005122028_00-00177.jpg,0.0033261933904528765
20000101005028224_00-00173.jpg,0.003557731538147695
20000101030918818_00-00259.jpg,0.0032843737250102
19700101001552704_00-00033.jpg,0.0025091799265605876
19700101014911304_00-00274.jpg,0.004299265605875153
19700101012221257_00-00191.jpg,0.008006935944512444
19700101010951533_00-00166.jpg,0.006365769073847409
20000101000619536_00-00013.jpg,0.0022643818849449205
19700101012831718_00-00210.jpg,0.00580375356997144
20000101003203519_00-00083.jpg,0.007635658914728683
20000101014230460_00-00143.jpg,0.009322725418196655
20000101031753486_00-00284.jpg,0.003308853529171767
20000101012158371_00-00075.jpg,0.004169726642186862
20000101005030457_00-00155.jpg,0.001839045287637699
19700101003404218_00-00078.jpg,0.005753773969808242
20000101023013343_00-00117.jpg,0.006165850673194614
20000101002728016_00-00029.jpg,0.00355875152998776
20000101004430265_00-00152.jpg,0.002401060791513668
20000101013418548_00-00297.jpg,0.002788657690738474
20000101022953860_00-00140.jpg,0.00200734394124847
20000101005359082_00-00084.jpg,0.002032843737250102
20000101005901543_00-00009.jpg,0.003225214198286414
20000101010912381_00-00211.jpg,0.007382700938392493
19700101013952245_00-00245.jpg,0.005142798857609139
20000101004539077_00-00141.jpg,0.003419012647898817
20000101045924432_06-00062.jpg,0.005660954712362301
20000101003048579_00-00015.jpg,0.0016595267237862097
20000101020321697_00-00116.jpg,0.009370665034679723
20000101011239453_00-00006.jpg,0.006718686250509996
20000101043331760_04-00026.jpg,0.025496736026111792
19700101014353142_00-00259.jpg,0.005083639330885353
20000101041510933_02-00222.jpg,0.02013769889840881
20000101002321566_00-00089.jpg,0.00375968992248062
20000101020308652_00-00160.jpg,0.007954916360669115
20000101005538861_00-00135.jpg,0.0019522643818849449
20000101004358440_00-00110.jpg,0.0014320685434516525
20000101001600523_00-00024.jpg,0.005667074663402692
20000101000407036_00-00010.jpg,0.0010628314973480212
20000101011720223_00-00198.jpg,0.0016809465524275807
19700101005620379_00-00130.jpg,0.004775601795185639
20000101032402504_00-00303.jpg,0.0034496124031007753
20000101032343107_00-00302.jpg,0.0030997552019583845
20000101022327755_00-00124.jpg,0.0011699306405548756
20000101002423800_00-00062.jpg,0.010932272541819665
20000101015740460_00-00110.jpg,0.005690534475724194
20000101001928944_00-00071.jpg,0.002032843737250102
20000101012546460_00-00040.jpg,0.002247042023663811
20000101002455894_00-00079.jpg,0.006193390452876377
20000101004003457_00-00155.jpg,0.0005630354957160342
19700101005742552_00-00134.jpg,0.007195022439820482
20000101001858134_00-00057.jpg,0.0033659730722154224
20000101004706465_00-00003.jpg,0.012903916768665851
20000101014345366_00-00001.jpg,0.007082823337413301
19700101014933467_00-00275.jpg,0.00547531619747042
20000101000708569_00-00016.jpg,0.0059587923296613625
20000101013916896_00-00084.jpg,0.0043880048959608325
20000101022937411_00-00139.jpg,0.0027641778865769074
20000101022039540_00-00112.jpg,0.0011923704610363117
20000101000413458_00-00008.jpg,0.003062015503875969
20000101014446861_00-00153.jpg,0.005487556099551203
20000101004040836_00-00110.jpg,0.002461240310077519
20000101031532527_00-00277.jpg,0.0034322725418196656
19700101015059915_00-00279.jpg,0.006027131782945737
19700101001841732_00-00040.jpg,0.008328233374133007
20000101003203220_00-00031.jpg,0.0029732762137902897
20000101012047845_00-00009.jpg,0.006881884944920441
20000101020714259_00-00064.jpg,0.0036270909832721338
20000101001630904_00-00048.jpg,0.0032078743370053038
20000101023333009_00-00127.jpg,0.006310689514483884
20000101040725917_00-00054.jpg,0.00370563035495716
20000101003301878_00-00104.jpg,0.004667482660138719
19700101002705420_00-00062.jpg,0.006809465524275806
20000101012424532_00-00260.jpg,0.006885964912280702
20000101003028191_00-00082.jpg,0.001616687066503468
20000101001309734_00-00009.jpg,0.0036668706650346797
20000101013402370_00-00013.jpg,0.00538249694002448
20000101010510294_00-00029.jpg,0.010221338229294165
20000101010725454_00-00013.jpg,0.008513871889024888
20000101001954950_00-00073.jpg,0.004119747042023664
20000101003230722_00-00102.jpg,0.004043247654018768
20000101000940482_00-00020.jpg,0.004169726642186862
19700101005410660_00-00122.jpg,0.006299469604243166
19700101010544687_00-00156.jpg,0.005809873521011832
19700101002650450_00-00061.jpg,0.017413300693594452
20000101010856175_00-00171.jpg,0.0015208078335373317
20000101002854263_00-00012.jpg,0.006711546307629539
19700101001526429_00-00032.jpg,0.008365973072215422
20000101012315459_00-00030.jpg,0.0033333333333333335
20000101001742337_00-00062.jpg,0.004163606691146471
19700101001313604_00-00026.jpg,0.005798653610771114
20000101003756014_00-00116.jpg,0.009257445940432476
20000101002150504_00-00068.jpg,0.002095063239494084
20000101001336910_00-00017.jpg,0.008939208486332109
20000101003817865_00-00118.jpg,0.009398204814361485
20000101020632273_00-00173.jpg,0.012251121991024072
20000101011626034_00-00066.jpg,0.0016401468788249695
20000101012206969_00-00253.jpg,0.006665646674826602
20000101011333506_00-00063.jpg,0.0018716850265197878
20000101011331329_00-00185.jpg,0.002927376580987352
20000101002357224_00-00015.jpg,0.010739494084047327
20000101005946888_00-00209.jpg,0.002583639330885353
20000101005314040_00-00185.jpg,0.0036158710730314157
20000101001114090_00-00020.jpg,0.001602407180742554
20000101001943396_00-00003.jpg,0.0034098327213382294
20000101015148173_00-00024.jpg,0.0013892288861689106
20000101004242743_00-00130.jpg,0.007419420644634843
20000101002520317_00-00065.jpg,0.005881272949816402
19700101015229573_00-00284.jpg,0.004058547531619747
20000101031634890_00-00281.jpg,0.0027121583027335783
20000101012945694_00-00055.jpg,0.0055793553651570784
20000101010451848_00-00039.jpg,0.0020165238678090574
20000101004433532_00-00061.jpg,0.006771725826193391
20000101011642362_00-00195.jpg,0.0015167278661770707
20000101005317041_00-00082.jpg,0.0016421868625051
20000101001814180_00-00054.jpg,0.003969808241534068
20000101035229903_00-00013.jpg,0.003455732354141167
20000101000615859_00-00004.jpg,0.0018665850673194615
20000101003556027_00-00111.jpg,0.00811811505507956
20000101011435964_00-00188.jpg,0.003799469604243166
20000101014743295_00-00012.jpg,0.008764789881680947
20000101010817059_00-00207.jpg,0.004500203998368013
20000101002208785_00-00005.jpg,0.010440636474908201
20000101004152973_00-00144.jpg,0.006821705426356589
20000101000626611_00-00019.jpg,0.002313341493268054
19700101013300690_00-00222.jpg,0.007382700938392493
20000101001937314_00-00054.jpg,0.002535699714402285
20000101004954221_00-00172.jpg,0.0020542635658914728
20000101040629119_01-00332.jpg,0.014243166054671562
20000101012611301_00-00267.jpg,0.0033945328437372502
20000101001426304_00-00048.jpg,0.002876376988984088
20000101015457923_00-00179.jpg,0.003997348021215831
20000101002331412_00-00010.jpg,0.005536515707874337
20000101001018295_00-00031.jpg,0.0019012647898816808
20000101020236687_00-00114.jpg,0.0038892288861689106
20000101012236740_00-00074.jpg,0.0022246022031823746
20000101002147314_00-00009.jpg,0.006073031415748674
20000101011331567_00-00052.jpg,0.007686658506731946
20000101000555560_00-00003.jpg,0.006994084047327621
19700101003232536_00-00073.jpg,0.0014942880456956344
20000101015407000_00-00032.jpg,0.007240922072623419
20000101002045912_00-00071.jpg,0.0025020399836801306
20000101005323535_00-00131.jpg,0.003054875560995512
20000101042701682_04-00007.jpg,0.010192778457772337
20000101011454490_00-00189.jpg,0.0024826601387188904
20000101011602149_00-00232.jpg,0.006397388820889433
20000101010227224_00-00154.jpg,0.0025183598531211752
20000101025727581_00-00224.jpg,0.0035811913504691963
20000101013528539_00-00091.jpg,0.0034842921256629947
20000101015131788_00-00075.jpg,0.01021827825377397
20000101020500304_00-00117.jpg,0.0018074255405956753
20000101031908075_00-00288.jpg,0.0018971848225214198
20000101020235990_00-00052.jpg,0.009672582619339046
20000101010618577_00-00055.jpg,0.0010934312525499796
20000101000957525_00-00017.jpg,0.002417380660954712
20000101012644431_00-00044.jpg,0.007139942880456956
20000101015723759_00-00041.jpg,0.0007578539371685027
20000101010701778_00-00205.jpg,0.002092003263973888
20000101003925226_00-00046.jpg,0.003458792329661363
20000101003341343_00-00106.jpg,0.005945532435740514
20000101015052584_00-00073.jpg,0.01257547939616483
20000101001934494_00-00048.jpg,0.0074377804977560176
20000101003854633_00-00002.jpg,0.003832109343125255
19700101005501316_00-00125.jpg,0.008739290085679315
20000101002820069_00-00090.jpg,0.007721338229294166
20000101020049149_00-00197.jpg,0.003609751121991024
19700101010919794_00-00164.jpg,0.0026070991432068542
20000101002136490_00-00067.jpg,0.0024908200734394125
20000101002147144_00-00076.jpg,0.0010536515707874337
20000101012158832_00-00014.jpg,0.0071124031007751935
20000101045525399_06-00049.jpg,0.018949408404732762
20000101000305021_00-00007.jpg,0.0024347205222358223
19700101014836464_00-00272.jpg,0.005603835169318646
20000101001550334_00-00054.jpg,0.001528967768257854
20000101011010805_00-00169.jpg,0.003356793145654835
20000101011514589_00-00230.jpg,0.004557323541411668
19700101004316407_00-00103.jpg,0.0018451652386780905
20000101011253297_00-00183.jpg,0.0015544675642594858
20000101014658220_00-00109.jpg,0.004175846593227254
20000101003945664_00-00104.jpg,0.008911668706650347
20000101041841802_00-00080.jpg,0.003054875560995512
20000101005750389_00-00099.jpg,0.0016778865769073847
20000101005915017_00-00148.jpg,0.003186454508363933
20000101033144954_00-00011.jpg,0.007407180742554059
20000101015456492_00-00085.jpg,0.017963076295389638
20000101002658159_00-00011.jpg,0.0012637698898408812
20000101015623921_00-00108.jpg,0.010835373317013465
20000101040553947_00-00051.jpg,0.0026101591187270502
20000101001257006_00-00029.jpg,0.004141166870665035
19700101012049702_00-00187.jpg,0.00635046919624643
20000101000713870_00-00013.jpg,0.004969400244798042
20000101032523751_00-00307.jpg,0.0022052223582211344
20000101013032451_00-00057.jpg,0.004366585067319462
20000101001709705_00-00004.jpg,0.001353529171766626
20000101015239992_00-00079.jpg,0.005477356181150551
19700101015400653_00-00290.jpg,0.006358629130966952
20000101010845758_00-00209.jpg,0.0039687882496940025
20000101010444688_00-00150.jpg,0.002035903712770298
19700101003416063_00-00079.jpg,0.0008782129742962056
20000101043500027_04-00032.jpg,0.006565687474500204
19700101003308321_00-00075.jpg,0.0021470828233374132
20000101011459606_00-00229.jpg,0.005025499796001632
20000101004232565_00-00129.jpg,0.0035210118319053446
20000101043125687_04-00019.jpg,0.008391472868217054
20000101010921836_00-00002.jpg,0.004302325581395349
20000101021404451_00-00078.jpg,0.0025203998368013058
20000101003531449_00-00110.jpg,0.007647898816809466
20000101040605525_00-00052.jpg,0.0016748266013871889
20000101011809149_00-00086.jpg,0.0023347613219094248
20000101011849594_00-00017.jpg,0.002084863321093431
20000101004804877_00-00033.jpg,0.004668502651978784
20000101011408689_00-00055.jpg,0.005608935128518972
20000101004707201_00-00146.jpg,0.009144226846185231
20000101005642355_00-00140.jpg,0.0017503059975520197
20000101004838580_00-00150.jpg,0.0016146470828233375
20000101012038337_00-00248.jpg,0.003650550795593635
19700101000836096_00-00013.jpg,0.023172174622603018
20000101005658328_00-00003.jpg,0.002576499388004896
20000101020337597_00-00056.jpg,0.011175030599755201
20000101021549711_00-00205.jpg,0.009292125662994696
19700101010938020_00-00165.jpg,0.011522847817217463
20000101005556911_00-00029.jpg,0.0050448796409628726
20000101010627465_00-00009.jpg,0.0033312933496532026
20000101000918220_00-00021.jpg,0.008436352509179927
19700101002025216_00-00045.jpg,0.0033924928600571197
20000101003642939_00-00142.jpg,0.003296613627090983
20000101003900357_00-00134.jpg,0.006103631170950632
20000101004043225_00-00125.jpg,0.003529171766625867
20000101045728850_06-00056.jpg,0.024938800489596083
20000101002930187_00-00094.jpg,0.002440840473276214
20000101011234720_00-00221.jpg,0.0033598531211750304
20000101000552871_00-00015.jpg,0.0015881272949816402
19700101010020265_00-00140.jpg,0.00625968992248062
20000101002449680_00-00085.jpg,0.00547531619747042
19700101014753510_00-00270.jpg,0.004437984496124031
20000101033132353_00-00010.jpg,0.005140758873929009
20000101005232316_00-00182.jpg,0.0034108527131782944
20000101011650466_00-00235.jpg,0.005245818033455732
20000101020810535_00-00066.jpg,0.0026213790289677684
20000101011426185_00-00056.jpg,0.0011332109343125255
20000101015849218_00-00033.jpg,0.0008833129334965321
19700101012816990_00-00209.jpg,0.012795797633618931
19700101002032710_00-00046.jpg,0.0027998776009791923
19700101015244487_00-00285.jpg,0.004222766217870257
20000101011440550_00-00071.jpg,0.00640452876376989
19700101010622431_00-00158.jpg,0.005271317829457364
20000101012559358_00-00088.jpg,0.0039728682170542635
20000101043309551_04-00025.jpg,0.02992248062015504
19700101010416850_00-00153.jpg,0.01396062831497348
20000101002410603_00-00076.jpg,0.0016370869033047735
20000101002453975_00-00096.jpg,0.0030130558955528356
20000101010616874_00-00044.jpg,0.002504079967360261
20000101013017532_00-00028.jpg,0.00695124439004488
20000101012218028_00-00073.jpg,0.0034414524683802528
20000101011143473_00-00218.jpg,0.004515503875968992
20000101004907994_00-00071.jpg,0.0025458996328029376
20000101035707247_01-00313.jpg,0.03273153814769482
20000101005731566_00-00098.jpg,0.008658710730314158
20000101010315244_00-00051.jpg,0.0019288045695634434
20000101003959997_00-00122.jpg,0.0077070583435332515
19700101005512010_00-00126.jpg,0.005131578947368421
19700101014533924_00-00265.jpg,0.007712158302733578
20000101000259654_00-00005.jpg,0.0014351285189718483
20000101003941244_00-00048.jpg,0.003594451244390045
20000101035041622_00-00006.jpg,0.009003467972256221
20000101030742863_00-00253.jpg,0.003952468380252958
20000101003631676_00-00141.jpg,0.0012586699306405549
20000101003326636_00-00126.jpg,0.0006079151366789066
20000101023025995_00-00141.jpg,0.0019471644226846186
20000101001041205_00-00033.jpg,0.0026081191350469197
20000101003142678_00-00099.jpg,0.0032915136678906567
20000101025836560_00-00229.jpg,0.0032058343533251732
20000101000922203_00-00031.jpg,0.0016921664626682986
20000101010639816_00-00034.jpg,0.003035495716034272
19700101000558652_00-00004.jpg,0.023164014687882498
20000101002900567_00-00054.jpg,0.0023714810281517747
20000101005500205_00-00003.jpg,0.003940228478172174
20000101015207607_00-00077.jpg,0.020813953488372092
20000101021726270_00-00089.jpg,0.002839657282741738
20000101013358540_00-00295.jpg,0.004760301917584659
20000101002344968_00-00090.jpg,0.0020032639738882087
19700101013008231_00-00215.jpg,0.007157282741738066
20000101011002950_00-00175.jpg,0.0014973480212158302
20000101002747974_00-00074.jpg,0.006403508771929824
20000101012630774_00-00268.jpg,0.005011219910240718
20000101010354738_00-00159.jpg,0.0014575683394532843
20000101002738768_00-00087.jpg,0.008445532435740514
20000101004021675_00-00070.jpg,0.004009587923296614
20000101010314757_00-00193.jpg,0.002781517747858017
19700101005227915_00-00117.jpg,0.0031915544675642595
20000101020439599_00-00059.jpg,0.0011485108119135047
20000101041543367_00-00073.jpg,0.005655854753161975
19700101015047653_00-00278.jpg,0.003970828233374133
20000101050214583_06-00072.jpg,0.030174418604651164
20000101002700020_00-00071.jpg,0.011412688698490412
19700101002406510_00-00056.jpg,0.003363933088535292
20000101000150170_00-00000.jpg,0.006927784577723378
20000101001300985_00-00040.jpg,0.003857609139126887
20000101000133345_00-00002.jpg,0.003456752345981232
19700101011035979_00-00168.jpg,0.008559771521827825
20000101035130827_00-00009.jpg,0.003682170542635659
20000101000223451_00-00003.jpg,0.0013239494084047328
20000101003817132_00-00099.jpg,0.00439718482252142
20000101012330768_00-00257.jpg,0.003186454508363933
20000101023235880_00-00142.jpg,0.005150958792329662
20000101005259162_00-00081.jpg,0.003043655650754794
20000101010440630_00-00054.jpg,0.006944104447164423
20000101013457407_00-00116.jpg,0.0027825377396980826
20000101004557113_00-00062.jpg,0.00788453692370461
19700101000843446_00-00014.jpg,0.010924112607099143
20000101022118543_00-00115.jpg,0.0015269277845777233
19700101010531356_00-00155.jpg,0.0033527131782945738
20000101015402659_00-00082.jpg,0.0050285597715218275
19700101001423515_00-00029.jpg,0.005936352509179926
20000101011849677_00-00066.jpg,0.006536107711138311
20000101005915506_00-00010.jpg,0.0012515299877600978
20000101002640553_00-00023.jpg,0.005653814769481844
20000101012324597_00-00080.jpg,0.0066493268053855565
20000101035052671_00-00007.jpg,0.0035495716034271724
20000101004334924_00-00109.jpg,0.0023000815993472054
20000101010152305_00-00027.jpg,0.0017747858017135862
20000101003918493_00-00121.jpg,0.005692574459404325
20000101015830867_00-00039.jpg,0.0038882088943288456
20000101003711402_00-00041.jpg,0.003031415748674011
20000101001959083_00-00061.jpg,0.0032915136678906567
20000101031622548_00-00280.jpg,0.00441656466748266
20000101005626492_00-00085.jpg,0.0029039167686658505
20000101010827960_00-00018.jpg,0.003772949816401469
20000101013039797_00-00101.jpg,0.009033047735618116
20000101032739325_00-00314.jpg,0.005285597715218278
19700101015600715_00-00297.jpg,0.005654834761321909
20000101013215274_00-00034.jpg,0.005973072215422277
19700101010732027_00-00161.jpg,0.0019685842513259893
20000101000219191_00-00000.jpg,0.003851489188086495
20000101005652812_00-00174.jpg,0.0018971848225214198
20000101010034237_00-00041.jpg,0.006085271317829457
20000101004759460_00-00096.jpg,0.00554875560995512
20000101000221014_00-00002.jpg,0.0015605875152998776
19700101004353861_00-00105.jpg,0.004998980008159935
20000101013107442_00-00285.jpg,0.0018594451244390044
19700101001444233_00-00030.jpg,0.002529579763361893
20000101005859960_00-00206.jpg,0.0017645858833129336
20000101003622660_00-00113.jpg,0.015566095471236231
20000101001619918_00-00055.jpg,0.0005140758873929008
20000101020611467_00-00058.jpg,0.0010240718074255406
20000101030826055_00-00256.jpg,0.004447164422684618
20000101010238234_00-00155.jpg,0.001576907384740922
20000101002221573_00-00006.jpg,0.0026958384332925337
19700101012924720_00-00213.jpg,0.015464096287229702
20000101003632297_00-00021.jpg,0.0045777233782129745
20000101005220332_00-00204.jpg,0.0024245206038351693
20000101010341628_00-00052.jpg,0.009205426356589148
20000101001201484_00-00026.jpg,0.012288861689106487
20000101021512724_00-00082.jpg,0.008256833945328437
20000101003751448_00-00148.jpg,0.0014749082007343942
20000101013412649_00-00114.jpg,0.006279069767441861
20000101011253605_00-00007.jpg,0.0036005711954304365
19700101003626781_00-00080.jpg,0.004698082415340677
19700101011248257_00-00174.jpg,0.003400652794777642
20000101003323000_00-00019.jpg,0.0008302733578131375
19700101013415224_00-00226.jpg,0.010139738882088944
20000101011644738_00-00080.jpg,0.0025448796409628725
20000101002733047_00-00027.jpg,0.010835373317013465
20000101021437926_00-00091.jpg,0.0020869033047735616
19700101013356047_00-00225.jpg,0.008034475724194206
20000101012720275_00-00118.jpg,0.010383516931864544
20000101003836498_00-00043.jpg,0.004283965728274173
20000101002050818_00-00051.jpg,0.0038535291717666257
20000101002735331_00-00073.jpg,0.012506119951040392
20000101012505892_00-00263.jpg,0.0036087311301509586
20000101004644803_00-00160.jpg,0.0034914320685434518
20000101010258558_00-00192.jpg,0.004729702162382701
20000101004431099_00-00112.jpg,0.0008139534883720931
20000101010601446_00-00007.jpg,0.00598531211750306
20000101005807766_00-00006.jpg,0.006204610363117095
20000101001803064_00-00044.jpg,0.0033771929824561405
20000101010940855_00-00043.jpg,0.002307221542227662
20000101000927220_00-00029.jpg,0.0019553243574051407
20000101020844019_00-00065.jpg,0.0058129334965320275
20000101011357259_00-00054.jpg,0.006587107303141575
20000101011214668_00-00181.jpg,0.0020858833129334966
20000101021629974_00-00098.jpg,0.0008465932272541819
20000101002034070_00-00063.jpg,0.0033996328029375763
20000101000206592_00-00001.jpg,0.0011658506731946144
20000101000911149_00-00028.jpg,0.00310281517747858
19700101010559802_00-00157.jpg,0.0021705426356589145
19700101004240141_00-00101.jpg,0.0036801305589555283
20000101014926657_00-00103.jpg,0.0022103223174214605
20000101023112239_00-00138.jpg,0.003824969400244798
20000101001219459_00-00027.jpg,0.008206854345165238
19700101011748471_00-00177.jpg,0.008752549979600163
19700101013218498_00-00219.jpg,0.010243778049775602
20000101001227308_00-00038.jpg,0.002708078335373317
20000101005707347_00-00141.jpg,0.0032762137902896775
20000101014617954_00-00067.jpg,0.001681966544267646
20000101000232787_00-00001.jpg,0.010160138718890249
20000101012011990_00-00020.jpg,0.004516523867809058
20000101023819631_00-00167.jpg,0.0021552427580579354
20000101010623436_00-00203.jpg,0.002211342309261526
20000101004847994_00-00188.jpg,0.0035210118319053446
20000101004936099_00-00009.jpg,0.013609751121991025
20000101000851202_00-00027.jpg,0.0032201142390860873
20000101004649157_00-00144.jpg,0.004259485924112607
20000101015224427_00-00078.jpg,0.008650550795593636
20000101011410094_00-00082.jpg,0.006608527131782946
20000101001136577_00-00036.jpg,0.0015085679314565483
20000101002557179_00-00101.jpg,0.0013147694818441452
20000101010245551_00-00049.jpg,0.002532639738882089
20000101005403938_00-00208.jpg,0.00903202774377805
19700101010647795_00-00159.jpg,0.0035638514891880866
20000101014203446_00-00141.jpg,0.007277641778865769
20000101005058117_00-00198.jpg,0.007187882496940024
20000101022202210_00-00119.jpg,0.003043655650754794
20000101010205545_00-00047.jpg,0.011469808241534069
20000101020222310_00-00157.jpg,0.013809669522643819
20000101002008255_00-00070.jpg,0.0027998776009791923
20000101013931483_00-00132.jpg,0.003744390044879641
19700101003325523_00-00076.jpg,0.0009628722970216238
20000101010123057_00-00138.jpg,0.004614443084455324
20000101032805526_00-00316.jpg,0.0039789881680946555
20000101011311332_00-00184.jpg,0.0016544267645858834
20000101023436569_00-00130.jpg,0.009836801305589555
20000101002248196_00-00040.jpg,0.006060791513667891
20000101004148667_00-00054.jpg,0.0031150550795593637
20000101013310329_00-00088.jpg,0.0033445532435740512
20000101032626560_00-00309.jpg,0.002303141574867401
20000101004735127_00-00032.jpg,0.011950224398204815
20000101005002860_00-00005.jpg,0.004782741738066095
20000101012434339_00-00261.jpg,0.002531619747042024
19700101002242106_00-00052.jpg,0.001383108935128519
20000101004952951_00-00153.jpg,0.003190534475724194
20000101045717196_06-00055.jpg,0.02324561403508772
20000101003237246_00-00122.jpg,0.0015391676866585067
19700101005756642_00-00135.jpg,0.006029171766625867
20000101003739225_00-00042.jpg,0.003762749898000816
20000101002215368_00-00039.jpg,0.004098327213382293
20000101035215434_00-00012.jpg,0.003149734802121583
20000101011543629_00-00087.jpg,0.009130966952264383
20000101010321225_00-00157.jpg,0.0017880456956344349
20000101010222400_00-00190.jpg,0.0066952264381884945
20000101001302579_00-00043.jpg,0.004013667890656875
20000101003946646_00-00136.jpg,0.007111383108935129
20000101041030534_00-00060.jpg,0.006359649122807017
20000101002941573_00-00056.jpg,0.002373521011831905
19700101013021157_00-00216.jpg,0.008143614851081192
20000101005547326_00-00000.jpg,0.016786005711954304
20000101032138366_00-00296.jpg,0.0033924928600571197
20000101020452242_00-00167.jpg,0.0036005711954304365
20000101023649832_00-00163.jpg,0.0015758873929008568
20000101004405677_00-00135.jpg,0.004220726234190127
20000101011644973_00-00009.jpg,0.002660138718890249
20000101005740064_00-00201.jpg,0.0023306813545491637
20000101020127434_00-00043.jpg,0.001343329253365973
20000101004846966_00-00070.jpg,0.0025234598123215013
20000101005816036_00-00145.jpg,0.003372093023255814
20000101031144634_00-00264.jpg,0.004048347613219094
19700101003800795_00-00085.jpg,0.003225214198286414
20000101011023011_00-00214.jpg,0.006346389228886169
20000101000114064_00-00001.jpg,0.004793961648306814
20000101015637499_00-00033.jpg,0.0057252141982864135
20000101013122818_00-00104.jpg,0.010806813545491636
20000101000205968_00-00001.jpg,0.005026519787841697
20000101003915631_00-00025.jpg,0.005024479804161566
20000101010345357_00-00050.jpg,0.00937780497756018
20000101015658304_00-00034.jpg,0.007367401060791513
20000101003531590_00-00123.jpg,0.005212158302733578
20000101004110769_00-00141.jpg,0.006587107303141575
20000101002211344_00-00037.jpg,0.0022429620563035498
20000101004310115_00-00132.jpg,0.006086291309669522
20000101020008640_00-00037.jpg,0.0017615259077927376
20000101001116020_00-00024.jpg,0.00735516115871073
20000101002518861_00-00018.jpg,0.007999796001631986
20000101004310382_00-00148.jpg,0.0030426356589147285
20000101003543838_00-00124.jpg,0.004837821297429621
20000101013911431_00-00130.jpg,0.007864137086903304
20000101040459306_00-00048.jpg,0.003737250101999184
20000101002342122_00-00080.jpg,0.005148918808649531
20000101013456979_00-00016.jpg,0.0045756833945328436
20000101002235883_00-00071.jpg,0.003032435740514076
20000101002809012_00-00075.jpg,0.007359241126070991
20000101050158152_06-00071.jpg,0.02343533251733986
20000101004615352_00-00050.jpg,0.001196450428396573
20000101020804496_00-00180.jpg,0.006478988168094655
20000101001432157_00-00045.jpg,0.005209098327213382
19700101012749056_00-00207.jpg,0.01324765401876785
19700101011802639_00-00178.jpg,0.004613423092615259
19700101004019669_00-00093.jpg,0.0026081191350469197
20000101022937025_00-00114.jpg,0.02027437780497756
19700101004416044_00-00106.jpg,0.00344859241126071
19700101012112957_00-00188.jpg,0.019209506323949407
20000101033354455_00-00021.jpg,0.005650754793961648
19700101002117372_00-00048.jpg,0.0036332109343125253
20000101031854472_00-00287.jpg,0.002207262341901265
20000101002805519_00-00014.jpg,0.0008588331293349653
20000101014425525_00-00100.jpg,0.004115667074663403
20000101014642071_00-00158.jpg,0.00404936760505916
19700101000752177_00-00011.jpg,0.011712566299469604
20000101000247070_00-00006.jpg,0.002004283965728274
20000101044619709_05-00102.jpg,0.009895960832313342
20000101000435063_00-00010.jpg,0.0008190534475724194
19700101013247901_00-00221.jpg,0.006478988168094655
20000101010112653_00-00024.jpg,0.002341901264789882
20000101005550180_00-00137.jpg,0.0032099143206854347
20000101011650123_00-00196.jpg,0.0020104039167686658
20000101004541251_00-00156.jpg,0.0025050999592003266
20000101002507980_00-00064.jpg,0.01158812729498164
19700101003853732_00-00088.jpg,0.004148306813545491
19700101003220366_00-00072.jpg,0.004792941656466748
20000101011829826_00-00000.jpg,0.01771419828641371
19700101000651718_00-00007.jpg,0.012367401060791514
20000101032312904_00-00003.jpg,0.005301917584659322
20000101004355628_00-00000.jpg,0.003736230110159119
20000101005631019_00-00002.jpg,0.0061821705426356585
20000101010057539_00-00043.jpg,0.016801305589555282
20000101010102694_00-00136.jpg,0.005628314973480212
20000101003021166_00-00096.jpg,0.004520603835169319
20000101001927117_00-00059.jpg,0.008278253773969808
20000101012227219_00-00015.jpg,0.007081803345573235
20000101001442143_00-00002.jpg,0.0025061199510403916
20000101000347264_00-00009.jpg,0.003678090575275398
20000101004610316_00-00142.jpg,0.00368625050999592
20000101020423640_00-00165.jpg,0.005138718890248878
20000101004610346_00-00001.jpg,0.004273765809873521
20000101004128516_00-00160.jpg,0.006744186046511628
20000101023359231_00-00128.jpg,0.0013861689106487148
20000101015201582_00-00008.jpg,0.0009557323541411668
20000101023107550_00-00119.jpg,0.004612403100775194
20000101001834772_00-00017.jpg,0.00627702978376173
19700101005704474_00-00132.jpg,0.005008159934720522
20000101014854407_00-00016.jpg,0.0030385556915544674
19700101010048969_00-00142.jpg,0.015731334149326804
20000101011154682_00-00033.jpg,0.005498776009791922
20000101003824723_00-00106.jpg,0.002660138718890249
20000101011659554_00-00197.jpg,0.002613219094247246
20000101000855320_00-00019.jpg,0.004353325173398613
20000101004903065_00-00168.jpg,0.003404732762137903
20000101041630203_00-00076.jpg,0.006920644634842921
20000101042044313_03-00080.jpg,0.015055079559363525
20000101015434009_00-00084.jpg,0.010766013871889024
20000101015559349_00-00037.jpg,0.0061923704610363116
20000101000334170_00-00008.jpg,0.001780905752753978
20000101003359381_00-00034.jpg,0.003927988576091391
20000101032244106_00-00002.jpg,0.004404324765401877
20000101012816102_00-00082.jpg,0.0011954304365565075
20000101000912178_00-00006.jpg,0.002230722154222766
20000101010747895_00-00049.jpg,0.002995716034271726
20000101011912820_00-00004.jpg,0.019664422684618522
20000101003846036_00-00024.jpg,0.0019798041615667074
20000101021942778_00-00095.jpg,0.0058578131374949
20000101032005283_00-00291.jpg,0.002437780497756018
20000101010557551_00-00031.jpg,0.0031548347613219096
20000101005527778_00-00089.jpg,0.004866381068951448
20000101012245744_00-00077.jpg,0.0044798041615667075
20000101010842879_00-00170.jpg,0.002096083231334149
20000101001854052_00-00065.jpg,0.0016370869033047735
20000101004511831_00-00139.jpg,0.0061066911464708286
20000101003759696_00-00098.jpg,0.006263769889840881
20000101004451592_00-00153.jpg,0.0018594451244390044
20000101011643133_00-00067.jpg,0.003791309669522644
20000101020407638_00-00164.jpg,0.007320481436148511
20000101015341981_00-00129.jpg,0.010903712770297837
20000101014607503_00-00155.jpg,0.005650754793961648
20000101015528635_00-00030.jpg,0.0054579763361893106
20000101022232997_00-00121.jpg,0.0009485924112607099
20000101010601367_00-00060.jpg,0.008234394124847002
20000101011015415_00-00071.jpg,0.009380864953080376
20000101013054718_00-00059.jpg,0.013993268053855569
20000101012809505_00-00274.jpg,0.0026376988984088126
19700101000610920_00-00005.jpg,0.011371889024887801
20000101002345864_00-00011.jpg,0.004350265197878417
20000101000444977_00-00010.jpg,0.004482864137086903
20000101002821819_00-00032.jpg,0.0027998776009791923
20000101010422490_00-00160.jpg,0.003335373317013464
19700101004206833_00-00099.jpg,0.0018553651570787433
20000101012538556_00-00086.jpg,0.004724602203182374
20000101013532263_00-00119.jpg,0.003403712770297838
20000101015815412_00-00030.jpg,0.0029294165646674827
20000101002133587_00-00035.jpg,0.0023153814769481845
20000101010803220_00-00169.jpg,0.0015932272541819665
20000101010909721_00-00165.jpg,0.006217870257037943
20000101012257950_00-00255.jpg,0.0025458996328029376
20000101000735804_00-00018.jpg,0.001540187678498572
20000101003110796_00-00060.jpg,0.0031548347613219096
20000101011126298_00-00179.jpg,0.001868625050999592
19700101010750375_00-00162.jpg,0.008563851489188087
20000101014910714_00-00017.jpg,0.001992044063647491
19700101010037338_00-00141.jpg,0.004627702978376173
19700101013444709_00-00228.jpg,0.005943492452060384
20000101025701554_00-00222.jpg,0.0074398204814361485
20000101010736388_00-00057.jpg,0.0007833537331701346
20000101014616187_00-00009.jpg,0.0061383108935128515
20000101011238886_00-00182.jpg,0.0020124439004487963
20000101023232847_00-00124.jpg,0.0005252957976336189
19700101013236049_00-00220.jpg,0.017076703386372908
20000101005501402_00-00087.jpg,0.015803753569971442
20000101002845766_00-00091.jpg,0.004182986536107711
20000101032851933_00-00319.jpg,0.002362301101591187
20000101030848050_00-00257.jpg,0.006558547531619747
19700101002553778_00-00058.jpg,0.008128314973480212
20000101032032083_00-00293.jpg,0.002861077111383109
20000101002314563_00-00078.jpg,0.004450224398204815
20000101005126023_00-00159.jpg,0.010428396572827417
20000101013753574_00-00079.jpg,0.004555283557731538
20000101011531636_00-00231.jpg,0.0047511219910240715
19700101000945411_00-00016.jpg,0.003908608731130151
20000101011050291_00-00177.jpg,0.0025775193798449614
20000101004424449_00-00136.jpg,0.007405140758873929
20000101004813034_00-00165.jpg,0.0023776009791921663
20000101005327993_00-00205.jpg,0.006720726234190126
20000101020545302_00-00060.jpg,0.0051805385556915546
20000101001451725_00-00034.jpg,0.008164014687882496
19700101002348300_00-00055.jpg,0.00826703386372909
20000101014728349_00-00161.jpg,0.004495104039167687
20000101004636738_00-00051.jpg,0.001175030599755202
20000101015003172_00-00020.jpg,0.004407384740922072
20000101021222695_00-00081.jpg,0.0015361077111383109
20000101004030680_00-00124.jpg,0.004522643818849449
20000101003908611_00-00045.jpg,0.007340881272949816
20000101022535455_00-00130.jpg,0.003933088535291718
20000101001832741_00-00066.jpg,0.0029222766217870256
19700101003353416_00-00077.jpg,0.0022613219094247245
20000101011202755_00-00180.jpg,0.0038596491228070177
19700101010907431_00-00163.jpg,0.006617707058343534
20000101000516344_00-00013.jpg,0.0014494084047327622
20000101011035681_00-00027.jpg,0.002920236638106895
19700101012947374_00-00214.jpg,0.019004487964096286
20000101015522082_00-00020.jpg,0.001124031007751938
19700101011212990_00-00172.jpg,0.0021705426356589145
20000101015319791_00-00029.jpg,0.010651774785801713
20000101012450509_00-00262.jpg,0.00644124847001224
20000101001211306_00-00039.jpg,0.001894124847001224
20000101005409202_00-00000.jpg,0.0026917584659322726
20000101014857516_00-00165.jpg,0.008058955528355774
20000101003817270_00-00062.jpg,0.003057935536515708
19700101001331579_00-00027.jpg,0.0030742554059567523
19700101000711949_00-00008.jpg,0.01611485108119135
20000101002416218_00-00043.jpg,0.0017135862913096695
19700101005644356_00-00131.jpg,0.008918808649530804
20000101005754002_00-00125.jpg,0.006227050183598531
20000101001655743_00-00050.jpg,0.004564463484292126
20000101005821443_00-00007.jpg,0.002723378212974296
20000101001354717_00-00001.jpg,0.01795389636882905
20000101033728192_00-00031.jpg,0.0048011015911872705
20000101012208554_00-00074.jpg,0.0018890248878008977
20000101010141502_00-00018.jpg,0.005063239494084048
20000101011954308_00-00071.jpg,0.001265809873521012
20000101001734868_00-00043.jpg,0.005743574051407589
20000101010415101_00-00036.jpg,0.0017615259077927376
20000101004936122_00-00035.jpg,0.007817217462260303
20000101043437375_04-00031.jpg,0.0050346797225622195
20000101002305857_00-00059.jpg,0.005499796001631987
20000101003809837_00-00023.jpg,0.0019318645450836394
20000101013629903_00-00074.jpg,0.005158098735210118
20000101014758748_00-00112.jpg,0.00722766217870257
19700101005433670_00-00123.jpg,0.00719094247246022
20000101011933739_00-00068.jpg,0.004822521419828641
20000101005742656_00-00176.jpg,0.003201754385964912
20000101011354238_00-00186.jpg,0.0025499796001631986
20000101000550856_00-00011.jpg,0.003982048143614851
19700101000511487_00-00001.jpg,0.017945736434108527
20000101002914237_00-00093.jpg,0.004357405140758874
20000101001448595_00-00020.jpg,0.010697674418604652
20000101001005945_00-00030.jpg,0.0016279069767441861
20000101011059349_00-00217.jpg,0.002759077927376581
20000101011937115_00-00109.jpg,0.0035485516115871074
20000101003859870_00-00101.jpg,0.0077233782129742965
20000101003055865_00-00080.jpg,0.00368625050999592
19700101004123160_00-00096.jpg,0.0038423092615259076
20000101042818915_04-00011.jpg,0.010691554467564259
20000101041442330_02-00220.jpg,0.019538963688290494
20000101001409187_00-00011.jpg,0.003660750713994288
20000101004727728_00-00093.jpg,0.008371073031415748
20000101002215522_00-00056.jpg,0.009613423092615259
19700101001643699_00-00035.jpg,0.01808547531619747
20000101011320817_00-00081.jpg,0.00759077927376581
20000101033853209_00-00035.jpg,0.005764993880048959
20000101002726626_00-00086.jpg,0.005060179518563851
20000101013030272_00-00029.jpg,0.0021736026111791105
19700101015648942_00-00300.jpg,0.005750713994288045
20000101040533219_01-00330.jpg,0.007507139942880457
19700101010713914_00-00160.jpg,0.006615667074663403
20000101000454470_00-00011.jpg,0.0019175846593227255
19700101011224295_00-00173.jpg,0.0017013463892288862
20000101005758990_00-00143.jpg,0.002212362301101591
19700101011300704_00-00175.jpg,0.0019594043247654017
20000101002014727_00-00062.jpg,0.005679314565483476
20000101001941955_00-00068.jpg,0.002385760913912689
20000101013158162_00-00289.jpg,0.0023592411260709915
20000101022029369_00-00098.jpg,0.0025030599755201956
20000101001241899_00-00039.jpg,0.004695022439820481
20000101030730043_00-00252.jpg,0.008177274581803345
19700101000722690_00-00009.jpg,0.007785597715218278
20000101013328621_00-00089.jpg,0.001751325989392085
20000101030111035_00-00237.jpg,0.004235006119951041
19700101011017589_00-00167.jpg,0.005217258261933905
19700101005406015_00-00121.jpg,0.005879232966136271
20000101011632968_00-00008.jpg,0.004633822929416565
20000101004851094_00-00151.jpg,0.0007619339045287638
20000101001051252_00-00023.jpg,0.0035301917584659322
20000101001751042_00-00061.jpg,0.001317829457364341
19700101005608509_00-00129.jpg,0.007637698898408813
20000101003625800_00-00079.jpg,0.0012668298653610772
20000101002542473_00-00100.jpg,0.0015350877192982456
20000101015521323_00-00181.jpg,0.0018574051407588739
20000101003213784_00-00101.jpg,0.007574459404324765
20000101033008355_00-00323.jpg,0.0027825377396980826
20000101012546534_00-00265.jpg,0.0023347613219094248
20000101013437562_00-00015.jpg,0.0049031007751937986
20000101004906539_00-00034.jpg,0.0019206446348429213
20000101012538535_00-00077.jpg,0.0029691962464300286
20000101000608098_00-00017.jpg,0.006639126886984904
20000101012648573_00-00117.jpg,0.003170134638922889
20000101013623924_00-00048.jpg,0.0032170542635658913
20000101002233670_00-00008.jpg,0.0013188494492044063
20000101040257274_01-00324.jpg,0.012761117911056712
20000101011909226_00-00244.jpg,0.0026591187270501838
20000101021316183_00-00197.jpg,0.00552937576499388
20000101000618032_00-00018.jpg,0.0022490820073439413
20000101001504303_00-00047.jpg,0.0019543043655650756
20000101000914284_00-00024.jpg,0.00728376172990616
20000101004355857_00-00028.jpg,0.005994492044063647
19700101020005301_00-00312.jpg,0.00562015503875969
20000101010613705_00-00164.jpg,0.002039983680130559
19700101015711737_00-00301.jpg,0.008253773969808241
19700101001056031_00-00019.jpg,0.009548143614851082
20000101000822489_00-00024.jpg,0.002401060791513668
20000101012842413_00-00275.jpg,0.003952468380252958
20000101002103757_00-00078.jpg,0.0012178702570379437
20000101011647155_00-00054.jpg,0.0011148510811913506
19700101004613856_00-00111.jpg,0.005160138718890249
20000101005359880_00-00113.jpg,0.005325377396980824
20000101010535535_00-00201.jpg,0.0035720114239086087
20000101000938735_00-00002.jpg,0.005744594043247654
20000101000442650_00-00012.jpg,0.0034608323133414934
20000101001422712_00-00040.jpg,0.00344859241126071
20000101050337151_06-00076.jpg,0.041107711138310896
19700101014707518_00-00268.jpg,0.017202162382700937
19700101003046060_00-00067.jpg,0.008462872297021624
20000101010515144_00-00161.jpg,0.0012331701346389229
19700101005931028_00-00138.jpg,0.004520603835169319
20000101002330437_00-00062.jpg,0.0019369645042839657
20000101015708868_00-00141.jpg,0.005506935944512444
20000101011758691_00-00239.jpg,0.0028743370053039576
20000101005621695_00-00197.jpg,0.003098735210118319
19700101010304304_00-00149.jpg,0.00934312525499796
20000101003107453_00-00023.jpg,0.0013086495308037537
20000101003140717_00-00110.jpg,0.004648102815177479
19700101015747060_00-00303.jpg,0.007019583843329253
20000101021725986_00-00100.jpg,0.0032201142390860873
20000101000825869_00-00017.jpg,0.004901060791513668
19700101014219891_00-00254.jpg,0.005023459812321502
20000101010328694_00-00218.jpg,0.002730518155854753
20000101001449973_00-00042.jpg,0.003035495716034272
20000101005247102_00-00038.jpg,0.00290187678498572
20000101035858273_00-00035.jpg,0.004166666666666667
20000101004535392_00-00088.jpg,0.0030161158710730316
20000101024007289_00-00169.jpg,0.0034730722154222766
19700101010131801_00-00144.jpg,0.003141574867401061
20000101001054585_00-00031.jpg,0.005429416564667482
20000101001529827_00-00053.jpg,0.0016911464708282333
20000101003019157_00-00020.jpg,0.004877600979192167
19700101012428664_00-00197.jpg,0.005851693186454509
20000101001226673_00-00008.jpg,0.0013157894736842105
20000101010440310_00-00197.jpg,0.004391064871481028
20000101004254252_00-00108.jpg,0.0009057527539779682
19700101005918734_00-00137.jpg,0.008054875560995512
20000101004240949_00-00165.jpg,0.0011474908200734394
19700101004508643_00-00108.jpg,0.010591595267237863
19700101005201974_00-00116.jpg,0.017046103631170952
20000101004539078_00-00116.jpg,0.0007721338229294166
20000101011937247_00-00097.jpg,0.007585679314565484
20000101002625950_00-00069.jpg,0.012416360669114647
20000101002706002_00-00046.jpg,0.01023765809873521
20000101010535422_00-00162.jpg,0.0018043655650754793
20000101002528584_00-00081.jpg,0.004511423908608731
19700101010212147_00-00146.jpg,0.0047990616075071395
20000101000231015_00-00001.jpg,0.004687882496940025
20000101011523786_00-00004.jpg,0.0027876376988984087
20000101035723144_00-00030.jpg,0.0036546307629538965
19700101002308564_00-00053.jpg,0.005432476540187679
19700101001139629_00-00021.jpg,0.005434516523867809
20000101020801303_00-00061.jpg,0.0021481028151774787
20000101003025158_00-00106.jpg,0.0034975520195838434
20000101010044553_00-00094.jpg,0.0013372093023255815
20000101015142609_00-00023.jpg,0.0028416972664218687
20000101001435084_00-00016.jpg,0.001612607099143207
20000101042603302_04-00005.jpg,0.009689922480620155
19700101003059794_00-00068.jpg,0.0035995512035903714
20000101005146525_00-00160.jpg,0.004947980416156671
20000101013439564_00-00041.jpg,0.0009832721338229294
20000101010507031_00-00199.jpg,0.0025938392492860056
20000101011745571_00-00065.jpg,0.010835373317013465
20000101011717512_00-00105.jpg,0.003356793145654835
19700101005039733_00-00112.jpg,0.0038025295797633617
20000101050104475_06-00068.jpg,0.028961648306813546
20000101011437092_00-00044.jpg,0.007356181150550796
19700101000130015_00-00000.jpg,0.02086597307221542
20000101000415719_00-00006.jpg,0.004362505099959201
20000101011550535_00-00192.jpg,0.0017390860873113016
20000101015758205_00-00144.jpg,0.0070685434516523865
20000101021058035_00-00072.jpg,0.002368421052631579
20000101005446422_00-00117.jpg,0.0037984496124031006
20000101000601519_00-00008.jpg,0.0023521011831905345
20000101010707062_00-00166.jpg,0.0008751529987760098
20000101021739922_00-00101.jpg,0.0011831905344757243
20000101014736027_00-00100.jpg,0.002940636474908201
20000101010521560_00-00200.jpg,0.0034179926560587515
20000101004149563_00-00053.jpg,0.010077519379844961
19700101001752489_00-00038.jpg,0.0022766217870257037
20000101004626338_00-00062.jpg,0.008965728274173806
20000101004245965_00-00107.jpg,0.002076703386372909
19700101002753349_00-00065.jpg,0.004048347613219094
20000101001655636_00-00058.jpg,0.0021103631170950633
20000101004348151_00-00170.jpg,0.003130354957160343
19700101001155666_00-00022.jpg,0.009484904120767034
20000101002953410_00-00051.jpg,0.0025142798857609137
20000101030418880_00-00246.jpg,0.007447980416156671
20000101002624307_00-00013.jpg,0.000992452060383517
20000101045606230_06-00051.jpg,0.0076254589963280295
20000101001551704_00-00019.jpg,0.0015187678498572012
20000101035600055_00-00025.jpg,0.007963076295389638
20000101003907309_00-00037.jpg,0.006162790697674419
20000101015626607_00-00186.jpg,0.00248062015503876
19700101012257520_00-00192.jpg,0.019263565891472868
20000101020947576_00-00069.jpg,0.002913096695226438
20000101050004544_06-00064.jpg,0.02329457364341085
20000101040253291_00-00040.jpg,0.004582823337413301
20000101010132435_00-00151.jpg,0.0019502243982048144
20000101005243252_00-00109.jpg,0.004260505915952673
20000101000859888_00-00027.jpg,0.012902896776825785
20000101004504762_00-00059.jpg,0.005809873521011832
20000101004454300_00-00113.jpg,0.002072623419012648
20000101004324494_00-00058.jpg,0.0014789881680946553
20000101003438066_00-00091.jpg,0.008302733578131376
20000101005210256_00-00128.jpg,0.0015014279885760915
20000101014111986_00-00089.jpg,0.004561403508771929
20000101010512890_00-00004.jpg,0.005703794369645043
20000101020831117_00-00122.jpg,0.0018410852713178294
19700101014127828_00-00250.jpg,0.007756017951856385
20000101002348117_00-00061.jpg,0.004920440636474908
20000101005655125_00-00042.jpg,0.0018380252957976336
20000101001342327_00-00031.jpg,0.004616483068135455
20000101000625337_00-00009.jpg,0.0025193798449612403
20000101011810974_00-00240.jpg,0.004100367197062423
20000101010448642_00-00002.jpg,0.0031334149326805384
20000101015353170_00-00014.jpg,0.00155140758873929
19700101010145833_00-00145.jpg,0.004050387596899224
20000101011407360_00-00000.jpg,0.003785189718482252
20000101003012556_00-00052.jpg,0.003769889840881273
20000101000805490_00-00008.jpg,0.013166054671562627
20000101015600124_00-00184.jpg,0.0023755609955120357
20000101014918155_00-00116.jpg,0.009961240310077519
20000101004723098_00-00181.jpg,0.003954508363933088
20000101005115091_00-00076.jpg,0.0024143206854345166
19700101002626044_00-00060.jpg,0.008117095063239495
20000101012012428_00-00094.jpg,0.003225214198286414
20000101003412803_00-00118.jpg,0.005837413300693595
20000101001024958_00-00022.jpg,0.0028478172174622603
20000101010559133_00-00163.jpg,0.0017268461852305182
19700101012640112_00-00203.jpg,0.021434108527131783
19700101012726721_00-00206.jpg,0.009385964912280702
20000101004750828_00-00147.jpg,0.0017503059975520197
20000101014933197_00-00071.jpg,0.004847001223990208
20000101001336085_00-00025.jpg,0.0031558547531619747
20000101005031959_00-00074.jpg,0.004460424316605467
20000101011534978_00-00005.jpg,0.0017727458180334557
20000101011648605_00-00062.jpg,0.007629538963688291
20000101011029140_00-00176.jpg,0.0024428804569563444
20000101021034277_00-00189.jpg,0.010066299469604243
20000101003314505_00-00087.jpg,0.012736638106895145
20000101015818967_00-00044.jpg,0.0028773969808241536
20000101014308728_00-00145.jpg,0.00978172174622603
20000101002142417_00-00054.jpg,0.003857609139126887
20000101013459491_00-00299.jpg,0.0011301509587923297
20000101015108224_00-00122.jpg,0.006011831905344757
20000101014423139_00-00151.jpg,0.004211546307629539
20000101005402883_00-00188.jpg,0.001741126070991432
20000101022459165_00-00128.jpg,0.0028559771521827824
20000101005118645_00-00125.jpg,0.003407792737658099
20000101022626213_00-00121.jpg,0.002035903712770298
20000101000744334_00-00021.jpg,0.004716442268461852
20000101011141378_00-00175.jpg,0.0029283965728274172
20000101014215407_00-00093.jpg,0.003846389228886169
20000101050020909_06-00065.jpg,0.03423194614443084
20000101004139615_00-00127.jpg,0.004404324765401877
20000101002154072_00-00055.jpg,0.012304161566707467
19700101005146798_00-00115.jpg,0.00848327213382293
20000101010201486_00-00214.jpg,0.003910648714810281
20000101024123906_00-00000.jpg,0.011599347205222358
20000101005244683_00-00021.jpg,0.0049367605059159525
20000101010851802_00-00040.jpg,0.002298041615667075
20000101012942412_00-00279.jpg,0.00018665850673194615
20000101005158938_00-00161.jpg,0.002000203998368013
20000101023854906_00-00164.jpg,0.0036077111383108935
19700101002147884_00-00050.jpg,0.0045736434108527135
20000101030219801_00-00238.jpg,0.004277845777233782
19700101011946194_00-00184.jpg,0.0034332925336597307
20000101004415066_00-00048.jpg,0.001996124031007752
20000101013047363_00-00085.jpg,0.0020195838433292534
20000101014521201_00-00095.jpg,0.0044400244798041616
20000101045626163_06-00052.jpg,0.008131374949000408
20000101003619139_00-00094.jpg,0.01222766217870257
20000101005916543_00-00046.jpg,0.0016034271725826194
20000101025440735_00-00218.jpg,0.0016054671562627499
19700101003124165_00-00069.jpg,0.005962872297021624
20000101001112693_00-00038.jpg,0.0033037535699714403
20000101024709928_00-00195.jpg,0.005719094247246022
20000101014648447_00-00001.jpg,0.0018533251733986128
20000101005946341_00-00047.jpg,0.008842309261525908
20000101020829733_00-00063.jpg,0.0018890248878008977
20000101011846267_00-00094.jpg,0.005609955120359037
19700101012443864_00-00198.jpg,0.0068410852713178295
19700101010241640_00-00148.jpg,0.009115667074663403
20000101011202612_00-00061.jpg,0.0023592411260709915
20000101001129753_00-00025.jpg,0.0022796817625458997
20000101000914489_00-00028.jpg,0.0014912280701754386
20000101005346094_00-00166.jpg,0.0035781313749490003
20000101044536086_05-00099.jpg,0.021601387188902487
20000101010718966_00-00036.jpg,0.0051703386372909015
20000101011601597_00-00051.jpg,0.002361281109751122
20000101014618156_00-00007.jpg,0.009418604651162791
20000101000535333_00-00008.jpg,0.0032945736434108527
20000101004801700_00-00184.jpg,0.0026366789065687475
20000101013400673_00-00069.jpg,0.008955528355773153
20000101005309842_00-00111.jpg,0.004042227662178702
20000101003524285_00-00093.jpg,0.003982048143614851
20000101002905773_00-00030.jpg,0.006869645042839657
20000101004317637_00-00080.jpg,0.005069359445124439
20000101003454852_00-00133.jpg,0.0011944104447164422
20000101005258373_00-00022.jpg,0.0038596491228070177
20000101002553712_00-00067.jpg,0.008478172174622604
20000101014048563_00-00088.jpg,0.00823031415748674
20000101010039991_00-00185.jpg,0.005361077111383109
20000101042328087_03-00089.jpg,0.02940330477356181
20000101030242181_00-00240.jpg,0.003475112199102407
20000101002257376_00-00087.jpg,0.004281925744594043
20000101002904047_00-00111.jpg,0.0011413708690330478
20000101001527902_00-00018.jpg,0.001204610363117095
20000101013010269_00-00281.jpg,0.00291921664626683
20000101011701751_00-00063.jpg,0.003353733170134639
20000101024207449_00-00181.jpg,0.0027998776009791923
20000101000437294_00-00007.jpg,0.001854345165238678
20000101001336841_00-00045.jpg,0.0014881680946552428
20000101015242135_00-00171.jpg,0.001988984088127295
20000101005102966_00-00124.jpg,0.0031629946960424317
19700101005135177_00-00114.jpg,0.010247858017135862
20000101021011342_00-00074.jpg,0.0037382700938392494
20000101020746544_00-00060.jpg,0.0029620563035495716
20000101020938279_00-00071.jpg,0.003523051815585475
19700101003136499_00-00070.jpg,0.0022603019175846594
20000101012043152_00-00069.jpg,0.00706344349245206
20000101035419244_00-00019.jpg,0.007165442676458588
20000101000315736_00-00004.jpg,0.007379640962872297
20000101005231510_00-00129.jpg,0.003219094247246022
20000101024351876_00-00186.jpg,0.0010454916360669116
20000101011859163_00-00063.jpg,0.00237250101999184
20000101015853010_00-00045.jpg,0.0023714810281517747
20000101005135305_00-00126.jpg,0.004742962056303549
20000101021137325_00-00074.jpg,0.0011046511627906977
20000101015945028_00-00047.jpg,0.006049571603427173
20000101020935810_00-00068.jpg,0.008817829457364342
20000101000718597_00-00021.jpg,0.002801917584659323
20000101022512654_00-00129.jpg,0.0011301509587923297
20000101002638618_00-00104.jpg,0.0011699306405548756
20000101044147080_05-00086.jpg,0.01038657690738474
20000101040230493_00-00039.jpg,0.004512443900448797
20000101005502013_00-00171.jpg,0.0019787841697266424
20000101011610142_00-00193.jpg,0.001496328029375765
19700101005536123_00-00127.jpg,0.007469400244798041
20000101013120451_00-00060.jpg,0.00872705018359853
20000101013816920_00-00127.jpg,0.002678498572011424
20000101002437440_00-00026.jpg,0.0036923704610363115
20000101010533122_00-00030.jpg,0.003051815585475316
20000101014424577_00-00060.jpg,0.008250713994288046
19700101005057418_00-00113.jpg,0.007234802121583028
20000101012314795_00-00105.jpg,0.0022837617299061607
20000101041735437_03-00073.jpg,0.021085271317829456
20000101015910437_00-00190.jpg,0.002540799673602611
20000101005043009_00-00123.jpg,0.0024479804161566705
20000101021010334_00-00187.jpg,0.009280905752753978
20000101000425679_00-00011.jpg,0.007721338229294166
19700101013812604_00-00238.jpg,0.006495308037535699
20000101014544598_00-00096.jpg,0.0024979600163198695
20000101040410792_00-00045.jpg,0.0031844145246838025
20000101000554049_00-00016.jpg,0.002872297021623827
20000101020915335_00-00070.jpg,0.002277641778865769
20000101004131170_00-00052.jpg,0.0012586699306405549
20000101010257292_00-00217.jpg,0.0022715218278253776
19700101001031863_00-00018.jpg,0.006410648714810282
20000101011124700_00-00060.jpg,0.0007813137494900041
19700101001808362_00-00039.jpg,0.0014983680130558955
20000101000801558_00-00012.jpg,0.0007456140350877193
20000101014000976_00-00085.jpg,0.007319461444308445
20000101010124193_00-00096.jpg,0.0016544267645858834
20000101014736367_00-00003.jpg,0.0013117095063239494
20000101010729760_00-00167.jpg,0.001729906160750714
20000101014409115_00-00150.jpg,0.006814565483476132
20000101021809353_00-00090.jpg,0.0024041207670338635
19700101002322281_00-00054.jpg,0.004033047735618115
20000101003335534_00-00088.jpg,0.006036311709506324
20000101012355459_00-00016.jpg,0.01129640962872297
19700101012559829_00-00201.jpg,0.010416156670746635
20000101000756181_00-00015.jpg,0.0030385556915544674
20000101004737813_00-00120.jpg,0.001014891880864953
19700101014203939_00-00253.jpg,0.006267849857201142
20000101003030510_00-00021.jpg,0.004520603835169319
20000101003036285_00-00028.jpg,0.005758873929008568
19700101002739406_00-00064.jpg,0.009177886576907384
20000101011619345_00-00052.jpg,0.0023296613627090982
20000101000745915_00-00007.jpg,0.0355640554875561
20000101002514352_00-00080.jpg,0.002555079559363525
20000101011034752_00-00170.jpg,0.005385556915544675
20000101001322443_00-00030.jpg,0.013028355773153815
20000101002643143_00-00047.jpg,0.0011658506731946144
19700101013558092_00-00232.jpg,0.005356997144022848
20000101004154920_00-00106.jpg,0.0025887392900856795
20000101003407425_00-00037.jpg,0.002839657282741738
20000101012903044_00-00277.jpg,0.00432578539371685
20000101001348473_00-00013.jpg,0.0008884128926968584
20000101015700424_00-00025.jpg,0.0022276621787025706
20000101022114181_00-00105.jpg,0.002233782129742962
20000101005725367_00-00043.jpg,0.00231844145246838
20000101011841181_00-00061.jpg,0.003880048959608323
20000101012504373_00-00114.jpg,0.005859853121175031
20000101043236198_04-00023.jpg,0.010377396980824153
20000101005326905_00-00039.jpg,0.010608935128518971
20000101000519768_00-00015.jpg,0.0012596899224806201
20000101013200584_00-00106.jpg,0.004797021623827009
19700101004526979_00-00109.jpg,0.004365565075479396
20000101011953325_00-00066.jpg,0.006159730722154223
20000101042503715_00-00097.jpg,0.0029895960832313343
20000101003227924_00-00056.jpg,0.003988168094655243
20000101022240902_00-00099.jpg,0.006491228070175438
20000101000937328_00-00022.jpg,0.004495104039167687
20000101013235707_00-00008.jpg,0.00788249694002448
19700101002137682_00-00049.jpg,0.011066911464708283
20000101044019873_05-00079.jpg,0.010493676050591596
19700101005548915_00-00128.jpg,0.00640452876376989
20000101025504937_00-00220.jpg,0.001029171766625867
20000101001656552_00-00041.jpg,0.004207466340269278
20000101002721394_00-00047.jpg,0.006287229702162383
20000101010014117_00-00184.jpg,0.0016850265197878417
20000101004345359_00-00059.jpg,0.003459812321501428
20000101013244594_00-00109.jpg,0.005814973480212158
20000101005418815_00-00168.jpg,0.0025979192166462666
20000101003535857_00-00053.jpg,0.004424724602203182
20000101002922442_00-00050.jpg,0.01055079559363525
20000101001351020_00-00046.jpg,0.0015534475724194206
20000101012552582_00-00078.jpg,0.001521827825377397
20000101000223965_00-00002.jpg,0.0008792329661362709
20000101022621972_00-00133.jpg,0.0015901672786617707
20000101000444698_00-00005.jpg,0.007547939616483068
20000101002633565_00-00046.jpg,0.0034934720522235823
20000101035229967_00-00001.jpg,0.014841901264789882
20000101001716939_00-00060.jpg,0.001335169318645451
20000101011411892_00-00042.jpg,0.0018186454508363932
20000101002044120_00-00032.jpg,0.000992452060383517
20000101015330482_00-00106.jpg,0.0017186862505099959
20000101002957552_00-00104.jpg,0.004537943696450429
20000101011618825_00-00194.jpg,0.002284781721746226
20000101022516972_00-00107.jpg,0.006191350469196246
20000101015454172_00-00019.jpg,0.000649734802121583
20000101021115241_00-00073.jpg,0.002660138718890249
19700101013621648_00-00234.jpg,0.0037984496124031006
20000101042547883_00-00100.jpg,0.003353733170134639
20000101020011348_00-00194.jpg,0.0019430844553243573
20000101003906678_00-00153.jpg,0.0016503467972256221
20000101000413323_00-00004.jpg,0.0031048551611587106
20000101034209258_00-00041.jpg,0.016218890248878008
20000101020754711_00-00121.jpg,0.001956344349245206
20000101020357047_00-00052.jpg,0.002083843329253366
20000101000838651_00-00022.jpg,0.002461240310077519
19700101010316055_00-00150.jpg,0.0026468788249694
20000101002629025_00-00103.jpg,0.0010924112607099143
20000101002543911_00-00082.jpg,0.0015789473684210526
20000101011304355_00-00051.jpg,0.011135250917992657
19700101001017639_00-00017.jpg,0.01666360669114647
20000101002803570_00-00098.jpg,0.01601591187270502
20000101010741792_00-00168.jpg,0.00220828233374133
20000101021353693_00-00199.jpg,0.004238066095471236
20000101011727199_00-00195.jpg,0.008147694818441452
20000101020257696_00-00048.jpg,0.0012647898816809465
20000101004321537_00-00081.jpg,0.004097307221542228
20000101003016412_00-00027.jpg,0.01525295797633619
20000101014512385_00-00002.jpg,0.006156670746634027
20000101000730214_00-00022.jpg,0.001489188086495308
20000101041551374_02-00224.jpg,0.020609955120359038
19700101012347908_00-00195.jpg,0.006738066095471236
20000101011530502_00-00059.jpg,0.002613219094247246
20000101013534136_00-00301.jpg,0.004168706650346798
19700101015945040_00-00310.jpg,0.008836189310485515
20000101005529751_00-00194.jpg,0.0020083639330885352
20000101010915593_00-00059.jpg,0.0034944920440636473
20000101005955277_00-00183.jpg,0.003681150550795594
20000101004303679_00-00166.jpg,0.005655854753161975
19700101011119094_00-00170.jpg,0.00691656466748266
20000101015724434_00-00027.jpg,0.0009332925336597307
20000101000939739_00-00025.jpg,0.004519583843329253
20000101001208480_00-00032.jpg,0.004635862913096696
20000101022725015_00-00125.jpg,0.002613219094247246
20000101001703958_00-00014.jpg,0.0021001631986944103
20000101011955744_00-00093.jpg,0.0042003263973888205
19700101013851768_00-00241.jpg,0.004989800081599347
20000101003244930_00-00086.jpg,0.012329661362709098
20000101011453099_00-00103.jpg,0.008884128926968585
20000101000745642_00-00023.jpg,0.0023806609547123623
20000101001427170_00-00027.jpg,0.0029732762137902897
20000101001653594_00-00058.jpg,0.005395756833945328
19700101013607980_00-00233.jpg,0.0026560587515299878
20000101011459734_00-00187.jpg,0.003597511219910241
20000101000259414_00-00003.jpg,0.0028192574459404325
20000101014236015_00-00118.jpg,0.01060689514483884
20000101014030439_00-00135.jpg,0.01122093023255814
19700101011144195_00-00171.jpg,0.00906466748266014
20000101003940919_00-00039.jpg,0.0024694002447980417
20000101042423661_00-00095.jpg,0.001974704202366381
20000101011546289_00-00104.jpg,0.006099551203590371
19700101013924585_00-00243.jpg,0.00306609547123623
20000101011152614_00-00047.jpg,0.002105263157894737
20000101013603505_00-00304.jpg,0.0018268053855569155
20000101003519351_00-00052.jpg,0.002893716850265198
20000101041603875_02-00225.jpg,0.027164422684618522
20000101024715828_00-00002.jpg,0.002342921256629947
20000101005641447_00-00094.jpg,0.007067523459812322
19700101010227854_00-00147.jpg,0.0039769481844145246
20000101013600899_00-00046.jpg,0.0007282741738066095
19700101001224693_00-00024.jpg,0.0024000407996736025
20000101023453025_00-00158.jpg,0.004320685434516524
20000101010116265_00-00150.jpg,0.004374745002039984
20000101004435145_00-00029.jpg,0.0018890248878008977
19700101010116378_00-00143.jpg,0.008077315381476949
20000101024239504_00-00177.jpg,0.0060067319461444306
20000101000632312_00-00005.jpg,0.02159016727866177
20000101004658058_00-00064.jpg,0.003656670746634027
20000101001339330_00-00045.jpg,0.0035709914320685436
20000101014625602_00-00098.jpg,0.014720522235822113
20000101004139370_00-00105.jpg,0.0020634434924520603
20000101021117909_00-00192.jpg,0.004884740922072623
20000101004031077_00-00048.jpg,0.006619747042023664
20000101003317012_00-00115.jpg,0.005582415340677275
20000101013225922_00-00065.jpg,0.005848633210934312
20000101000952661_00-00033.jpg,0.0016085271317829457
20000101012759772_00-00097.jpg,0.007840677274581802
19700101014730212_00-00269.jpg,0.008290493676050592
19700101012314778_00-00193.jpg,0.008034475724194206
20000101011632478_00-00192.jpg,0.0031323949408404734
20000101004255084_00-00057.jpg,0.0018370053039575684
20000101050435946_06-00078.jpg,0.03236638106895145
20000101012413043_00-00109.jpg,0.0026489188086495307
20000101011949646_00-00098.jpg,0.0049031007751937986
19700101002529106_00-00057.jpg,0.008915748674010607
20000101043158482_04-00021.jpg,0.013801509587923297
20000101005305198_00-00163.jpg,0.0035801713586291308
20000101005124136_00-00078.jpg,0.0030824153406772744
20000101004526923_00-00115.jpg,0.001741126070991432
20000101042025628_03-00079.jpg,0.023948388412892697
20000101012101002_00-00023.jpg,0.0028080375356997144
20000101003704473_00-00096.jpg,0.011977764177886577
19700101003822140_00-00086.jpg,0.004758261933904529
20000101030257633_00-00241.jpg,0.0035801713586291308
20000101015945014_00-00149.jpg,0.0027794777641778866
20000101012157020_00-00026.jpg,0.0010740514075887394
20000101003227185_00-00084.jpg,0.007349041207670339
20000101022707329_00-00113.jpg,0.006446348429212567
20000101014539328_00-00004.jpg,0.0073041615667074665
20000101005431646_00-00190.jpg,0.0025744594043247654
20000101012736577_00-00095.jpg,0.004697062423500612
20000101015005958_00-00119.jpg,0.010702774377804978
20000101022653324_00-00112.jpg,0.01033047735618115
20000101020900865_00-00182.jpg,0.003495512035903713
20000101002052246_00-00077.jpg,0.001919624643002856
20000101035622054_00-00027.jpg,0.005339657282741738
20000101003826648_00-00150.jpg,0.0015626274989800082
20000101000311357_00-00000.jpg,0.010211138310893512
20000101023841481_00-00163.jpg,0.008432272541819665
20000101005315541_00-00164.jpg,0.002215422276621787
20000101002456153_00-00028.jpg,0.003971848225214198
20000101030506395_00-00248.jpg,0.002243982048143615
19700101012654666_00-00204.jpg,0.008274173806609548
19700101005955802_00-00139.jpg,0.0026407588739290086
20000101020850680_00-00068.jpg,0.0015646674826601387
20000101003145904_00-00082.jpg,0.0074898000815993475
20000101014334588_00-00098.jpg,0.004905140758873929
20000101000954651_00-00003.jpg,0.003058955528355773
20000101000453489_00-00002.jpg,0.005394736842105263
20000101004214070_00-00163.jpg,0.0012760097919216646
20000101014450793_00-00094.jpg,0.007635658914728683
20000101023428818_00-00155.jpg,0.0032762137902896775
20000101003426136_00-00090.jpg,0.009858221134230925
20000101005925841_00-00182.jpg,0.004322725418196655
19700101001737518_00-00037.jpg,0.004174826601387189
20000101035521902_00-00023.jpg,0.0027947776417788658
20000101011838039_00-00108.jpg,0.0024989800081599346
20000101005606356_00-00091.jpg,0.0076213790289677685
20000101000203880_00-00001.jpg,0.004856181150550796
20000101002305201_00-00023.jpg,0.0016758465932272541
19700101002812199_00-00066.jpg,0.002508159934720522
20000101003031005_00-00117.jpg,0.003094655242758058
20000101001641508_00-00022.jpg,0.0012382700938392494
20000101020508254_00-00055.jpg,0.0018472052223582212
20000101021820328_00-00103.jpg,0.002211342309261526
20000101013542107_00-00045.jpg,0.0030691554467564258
20000101002218578_00-00022.jpg,0.003086495308037536
20000101015620604_00-00023.jpg,0.0008159934720522236
20000101040334274_01-00326.jpg,0.007240922072623419
20000101014831654_00-00015.jpg,0.007170542635658915
20000101013759426_00-00126.jpg,0.0036158710730314157
20000101003113824_00-00038.jpg,0.00393920848633211
20000101004655903_00-00180.jpg,0.008505711954304366
